Scientific_name,Order,Migratory01,CA,NB,CO,Nlat,Clutchsize,Clutchnum,Annfecund,avg_mass,open_fw,Dietsum,Foragesum,Bio1_mean,Bio1_std,Flight_rank,Wingload,Rangekm2,Signif_shift2
Accipiter_striatus,Accipitriformes,1,8.71,0.18,1.74,49.9667,4.5,1,4.5,139.75,0,1,1,12.2587482,4.543924276,4,0.050143616,20647883.86,0
Actitis_macularius,Charadriiformes,1,-3.77,1.92,-1.17,49.2667,4,1,4,41.835,1,2,1,17.06671377,4.169057327,3,0.089834444,34195514.28,1
Aeronautes_saxatalis,Apodiformes,1,-6.17,0.51,0.27,39.2333,4.5,1,4.5,31.2,0,1,1,16.0849234,2.915613611,NA,NA,3402610.387,0
Agelaius_phoeniceus,Passeriformes,1,-5.25,0.35,-0.63,50.9167,3.28,1.7,5.576,57.15,0,2,3,11.87235545,4.589093015,3,0.0693265,14082216.14,0
Agelaius_tricolor,Passeriformes,0,8.33,6.48,0.58,39.7,3.5,2,7,56.25,1,3,2,15.47369375,1.50036066,3,0.0693265,113082.3343,1
Aimophila_aestivalis,Passeriformes,0,-6.7,14.71,-3.24,37.2,3.9,1.5,5.85,19.6,0,2,1,19.76776522,2.106297308,3,0.072396828,1739307.212,1
Aimophila_cassinii,Passeriformes,1,-0.96,0.61,-2.23,32.25,4.4,1,4.4,17.95,0,1,1,20.08166667,3.130029775,3,0.082301325,2273653.57,0
Aimophila_ruficeps,Passeriformes,0,1.27,-0.5,1.38,39.7,3.5,1.5,5.25,17.75,0,2,2,15.95361967,2.286048002,3,0.078594317,1188089.295,0
Aix_sponsa,Anseriformes,1,1.64,7.02,-0.39,53.5167,13,2,26,673,1,2,1,12.97975523,4.372934381,2,0.106463219,8870644.995,1
Alectoris_chukar,Galliformes,0,-6.39,-1.06,0.39,49.5333,15.5,1,15.5,552,0,3,1,9.175381818,3.032582415,1,0.135618634,971656.5739,0
Ammodramus_henslowii,Passeriformes,1,-2.94,-6.17,0.02,35.7636,4.12,2,8.24,12.75,0,2,1,19.25602222,1.908942937,3,0.072818301,1750650.401,0
Ammodramus_leconteii,Passeriformes,1,-3.74,2.92,-1.57,40.35,4.51,1.5,6.765,13.8,0,2,1,17.68057324,3.169875796,3,0.072818301,5590076.683,1
Ammodramus_maritimus,Passeriformes,0,-3.02,-3.79,-2.82,41.8833,3.66,1,3.66,23.25,0,2,2,16.45592105,4.133514369,3,0.072818301,210999.1112,0
Ammodramus_savannarum,Passeriformes,1,1.74,-4.88,1.84,43.0833,4.3,2,8.6,18.285,0,2,1,18.58462759,4.439645304,3,0.078594317,7887392.147,0
Amphispiza_belli,Passeriformes,1,-0.55,2.14,0.62,42.4833,6.54,2,13.08,18.1,0,2,2,15.561455,3.946616621,3,0.072818301,1844339.15,1
Amphispiza_bilineata,Passeriformes,1,-1.96,-6.83,1.13,36.35,2.8,2.5,7,13.6,0,2,3,17.09610323,3.593709607,3,0.072818301,2447022.831,0
Anas_acuta,Anseriformes,1,-3.26,3.92,2.03,52.0667,8,1,8,844.3,1,2,1,12.82566614,4.425303108,2,0.128764605,18811909.49,1
Anas_americana,Anseriformes,1,2.63,-4.72,1.76,50.9167,8.5,1,8.5,936.05,1,2,1,13.25983814,4.434198675,2,0.121740327,16311125.77,0
Anas_clypeata,Anseriformes,1,-4.97,-10.2,-0.12,52.0667,10.3,1,10.3,597.5,1,2,1,14.50601401,4.410710929,2,0.120069887,16734725.56,0
Anas_crecca,Anseriformes,1,-7.67,4.47,0.48,52.0667,8.7,1,8.7,338,1,2,1,13.39815047,4.541742009,2,0.126401721,18211695.89,1
Anas_cyanoptera,Anseriformes,1,11.51,0.48,2.49,48.8167,8.2,1,8.2,377.5,1,3,2,16.86321286,3.931379855,2,0.121740327,9838577.588,0
Anas_discors,Anseriformes,1,4.95,-22.55,-4.68,50.5167,10.1,1,10.1,371,0,3,2,15.25115025,5.134842221,2,0.129585676,14963852.56,0
Anas_platyrhynchos,Anseriformes,1,5.65,-0.14,0.8,53.5167,8.72,1,8.72,1148.15,1,3,1,11.58337231,4.538058728,2,0.115175527,15997359.76,0
Anas_rubripes,Anseriformes,1,4.58,3.18,2.77,53.5167,9.18,1,9.18,1215.7,0,3,2,10.52404263,3.565585171,2,0.108496218,6575072.489,1
Anas_strepera,Anseriformes,1,3.55,-1.27,0,52.0667,9.5,1,9.5,758.5,1,2,2,13.29322399,4.367425124,2,0.111671308,12441885.82,0
Anhinga_anhinga,Pelecaniformes,1,0.37,0.63,0.66,34.2333,4,1,4,1337.5,1,3,1,20.87881833,1.973966967,NA,NA,14692680.13,0
Anser_albifrons,Anseriformes,1,-8.11,1.63,1.96,52.0667,4.5,1,4.5,2415.55,1,2,3,14.95944667,4.825993604,3,0.078080038,8966261.623,1
Anthus_rubescens,Passeriformes,1,-1.83,0.16,0.56,49.2667,5,1,5,20.59,0,NA,NA,14.65322763,4.301388186,3,0.065529936,20337859.48,0
Anthus_spragueii,Passeriformes,1,-0.32,-0.28,-0.83,35.3667,4.6,1.5,6.9,23.45,0,2,1,19.6943,2.51058336,3,0.065529936,3837122.313,0
Aphelocoma_ultramarina,Passeriformes,0,0.55,-1.22,0.29,,4.14,1.5,6.21,123.55,0,5,3,14.53096008,2.929461611,4,0.050354714,569315.7824,0
Aramus_guarauna,Gruiformes,0,-3.91,-3.73,0.74,31.4333,5.5,1.5,8.25,1160,0,4,2,21.91740588,1.426303516,NA,0.087379655,12226377.29,0
Ardea_alba,Pelecaniformes,1,2.86,5.22,-1.85,45.7333,3,1,3,873.5,0,3,1,17.23441176,3.971753479,4,0.034817296,23847073.39,1
Ardea_herodias,Pelecaniformes,1,4.63,-7.55,0.17,50.9167,4,1.5,6,2262.5,0,3,1,12.66866155,4.511890774,4,0.034642172,14210417.84,0
Arremonops_rufivirgatus,Passeriformes,0,-2.26,0.32,-0.18,28.1167,2.5,2,5,22.44,0,2,1,22.64761429,0.587518699,3,0.072818301,483486.7711,0
Asio_flammeus,Strigiformes,1,-4.81,-2.44,0.09,53.5167,5.6,1,5.6,346.5,0,3,2,11.2226361,4.056690347,4,0.038237632,24807244.42,0
Asio_otus,Strigiformes,1,2.18,14.05,0.79,49.55,4.5,1,4.5,279.25,0,2,1,10.38027118,2.822601763,4,0.036383464,12411877.45,1
Athene_cunicularia,Strigiformes,1,-4.06,13.54,-1.38,46.9667,8,1,8,150.7,0,4,3,17.36695068,4.062163518,4,0.064610385,15061761.23,1
Auriparus_flaviceps,Passeriformes,0,0.25,2.38,2.24,36.35,4,2,8,6.9,0,3,2,18.37525152,3.585128375,NA,0.068965517,1753537.267,1
Aythya_affinis,Anseriformes,1,5.96,0.97,1.72,53.5167,9,1,9,723.25,1,2,1,13.12661663,4.598742886,2,0.176905374,16179279.31,1
Aythya_americana,Anseriformes,1,-13.82,2.82,1.3,53.5167,10.6,1,10.6,1008.65,0,2,2,13.06213402,4.550935867,2,0.154021444,11782524.98,1
Aythya_collaris,Anseriformes,1,12.44,1.88,-1.26,53.5167,8.58,1,8.58,706,1,2,1,13.53036438,4.576139631,2,0.180615135,14148140.98,1
Aythya_valisineria,Anseriformes,1,3.23,-5.2,1.67,50.9167,8.15,1,8.15,1285.08,0,2,1,12.84979467,4.237970806,2,0.124728877,11007436.69,0
Baeolophus_bicolor,Passeriformes,0,2.19,2.56,1.53,45.4,5.7,1,5.7,21.6,0,3,2,11.94552104,3.890255568,3,0.06765653,2969354.014,1
Bombycilla_cedrorum,Passeriformes,1,-0.04,0.33,1.59,53.5167,4.18,1.5,6.27,32.3,0,2,2,11.97739301,4.401931198,3,0.065768306,14350465.97,0
Botaurus_lentiginosus,Pelecaniformes,1,-0.12,-1.52,0.25,49.2667,4,1,4,432,1,3,2,15.56233099,4.705914762,4,0.058108461,14235266.56,0
Branta_canadensis,Anseriformes,1,12.44,-0.33,1.9,51.05,6,1.5,9,2374.035,0,2,2,11.54929512,3.85487074,3,0.112649898,17374831.92,0
Bubulcus_ibis,Pelecaniformes,1,7.12,-8.08,-0.95,49.6667,3.02,1,3.02,365.8,0,2,1,19.00129717,3.55139148,4,0.034817296,26259603.7,0
Bucephala_clangula,Anseriformes,1,1.05,0.09,1,53.5167,8.85,1,8.85,926.17,0,1,1,10.93362408,4.144796091,2,0.147204908,15412617.36,0
Buteo_albicaudatus,Accipitriformes,0,-0.98,0.13,0.44,29.6833,2,1,2,1022,0,3,2,21.85877778,1.025962643,4,0.04673618,9464193.189,0
Buteo_jamaicensis,Accipitriformes,1,6.95,-2.91,1.31,50.9167,2.6,1,2.6,1126,0,4,2,11.9288753,4.4645859,4,0.050804502,15745056.44,0
Buteo_lagopus,Accipitriformes,1,5.94,4.36,5.51,53.5167,3.03,1,3.03,951,0,2,2,10.42356082,3.768846573,4,0.04135998,11180641.32,1
Buteo_lineatus,Accipitriformes,1,2.96,2.33,-3.03,45.4,3.5,1,3.5,606.9,0,4,2,13.64617139,4.507973136,4,0.052212806,3993026.803,1
Buteo_regalis,Accipitriformes,1,6.38,-7.6,4.55,46.6833,3,1,3,1469.5,0,4,2,14.42867204,4.52496672,4,0.04673618,4522023.456,0
Butorides_virescens,Pelecaniformes,1,2.75,0.65,-2.23,49.2667,4,1,4,241,0,3,1,16.96835359,4.301983979,4,0.056877603,9444072.884,0
Calamospiza_melanocorys,Passeriformes,1,-2.37,-4.97,-2.92,44.0333,3.6,1,3.6,38.375,0,2,2,17.48188696,4.196826907,3,NA,3772577.819,0
Calcarius_lapponicus,Passeriformes,1,2.66,-4.72,-2.75,50.5167,4.91,1,4.91,27,0,2,1,9.937077778,3.298160433,3,0.072396828,16747667.83,0
Calcarius_mccownii,Passeriformes,1,0.44,-3.68,0.86,40.35,3.45,2,6.9,25.2,0,2,1,15.48008889,2.769799415,3,NA,2361018.136,0
Calcarius_ornatus,Passeriformes,1,2.77,2.38,1.3,45.4167,4.5,2,9,19.95,0,2,1,15.41586923,3.680027799,3,NA,3257982.691,1
Calcarius_pictus,Passeriformes,1,1.73,-5.01,0.21,38.45,3.88,1,3.88,27,0,2,1,15.51209,1.699750394,3,0.072818301,6040299.273,0
Calidris_minutilla,Charadriiformes,1,-5.44,-5.02,0.11,48.8167,4,1,4,18.25,0,3,2,17.33909826,3.805076221,3,0.08262022,25791734.77,0
Callipepla_californica,Galliformes,0,11.76,0.15,1.33,49.6667,13.3,1.5,19.95,174.2,0,3,1,12.7438875,3.239419082,NA,0.123622551,1274002.173,0
Callipepla_gambelii,Galliformes,0,0.48,11.13,0.15,39.1167,11,1.5,16.5,185.05,0,2,1,16.09965,4.022376068,NA,NA,543963.6134,1
Callipepla_squamata,Galliformes,1,-1.14,0.48,0.97,38.7833,12.4,1,12.4,184,0,4,1,15.6339069,3.810559744,NA,NA,1414259.044,0
Calypte_anna,Apodiformes,0,0.91,-1.87,-2.05,49.9667,2,2,4,4.25,0,2,2,14.35015062,3.682275694,1,NA,1271024.122,0
Campylorhynchus_brunneicapillus,Passeriformes,0,-0.67,3.78,-0.37,36.35,3.6,1.5,5.4,38.9,0,4,2,18.1060093,3.162629795,2,NA,1844393.972,1
Caprimulgus_carolinensis,Caprimulgiformes,1,4.14,5.15,1.83,30.0833,2,1,2,108.9,0,2,1,22.79895,1.501826942,3,0.051204581,3273997.932,1
Caprimulgus_vociferus,Caprimulgiformes,1,2.57,5.37,2.87,34.7667,2,2,4,52.95,0,1,1,21.69745556,2.142631697,3,0.051204581,4980555.063,1
Caracara_cheriway,Falconiformes,0,-3.61,-30.54,0.63,31.55,2,1,2,1168.35,0,2,3,21.73228333,1.397439767,4,0.062278366,4278276.251,0
Cardinalis_cardinalis,Passeriformes,0,2.36,-6.11,0.83,48.4,2.5,3,7.5,44.05,0,3,1,11.80289703,4.623997656,3,0.078648087,5833825.712,0
Cardinalis_sinuatus,Passeriformes,0,0.78,1.44,1.11,36.9,3.4,1,3.4,35.2,0,3,1,18.39126452,3.341905344,3,NA,1518755.83,1
Carduelis_lawrencei,Passeriformes,1,-2.9,5.46,-0.02,39.7,4.86,1,4.86,10.15,0,2,2,16.63332917,2.757500472,3,0.07303515,556938.6458,1
Carduelis_psaltria,Passeriformes,1,-1.37,0.07,-0.09,45.5167,4.5,1,4.5,9.745,0,2,1,14.79337048,3.63044787,3,0.072396828,4161651.123,0
Carduelis_tristis,Passeriformes,1,3.84,11.34,0.99,50.9167,5.2,1,5.2,NA,0,2,2,11.64728573,4.519924275,3,0.06998537,10571103.4,1
Carpodacus_cassinii,Passeriformes,1,2.32,0.86,1.71,49.5333,4.5,1,4.5,27.55,0,4,2,10.24166491,4.240692422,3,0.081110557,2814587.756,0
Carpodacus_purpureus,Passeriformes,1,2.54,16.11,2.29,53.5167,3.94,2,7.88,26.005,0,3,2,11.2101739,4.204373555,3,0.081110557,7952183.341,1
Cathartes_aura,Accipitriformes,1,-7.5,-25.31,-0.02,49.2667,1.94,1,1.94,1849,0,1,1,15.43820288,4.101531764,5,0.041254373,28199395.68,0
Catharus_guttatus,Passeriformes,1,2.83,3.5,-0.35,49.6667,4,1.5,6,29.2,0,2,3,13.31477095,4.357046976,NA,0.049738731,15387810.12,1
Catherpes_mexicanus,Passeriformes,0,2.93,0.45,2.72,49.5333,5.1,1.5,7.65,12.235,0,1,2,13.43485949,4.293467155,2,NA,4298193.469,0
Centrocercus_urophasianus,Galliformes,0,0.23,-8.78,-2.27,,7.85,1.5,11.775,2048.65,0,2,2,5.025016667,2.384431868,1,0.123622551,1410030.385,0
Certhia_americana,Passeriformes,1,4.42,0.8,2.07,53.5167,5.5,1,5.5,8.175,0,3,2,10.83685908,4.065988002,3,0.061628045,12161789.61,0
Chamaea_fasciata,Passeriformes,0,0.89,-1.64,0.96,45.5167,3.3,1.5,4.95,14.715,0,1,2,14.28358571,2.57291429,NA,0.071379492,246115.1921,0
Charadrius_montanus,Charadriiformes,1,0.27,8.38,-6.45,38.6,6.3,1,6.3,100.3,0,1,1,17.8178,2.49090346,3,0.076900825,1577996.78,1
Charadrius_vociferus,Charadriiformes,1,-4.72,1.83,-0.34,51.1667,4,1.5,6,NA,0,1,1,12.82802188,4.373780945,3,0.070298586,15822178.94,1
Chen_caerulescens,Anseriformes,1,-2.97,-2.55,-0.06,50.5167,4.19,1,4.19,2292.45,0,2,2,13.17640602,4.120632945,3,0.078655149,10249116.01,0
Chen_rossii,Anseriformes,1,-5.66,5.88,-5.54,50.5167,4,1,4,1636.2,1,2,2,14.61917,4.901387839,3,0.078655149,2906628.093,1
Chloroceryle_americana,Coraciiformes,0,-3.95,-1.96,-2.4,30.15,5,1,5,32.05,1,1,1,21.57915714,1.790959628,3,0.101697552,16934228.01,0
Chondestes_grammacus,Passeriformes,1,-3.57,-0.59,-1.02,43.3167,4.09,1,4.09,30.4,0,2,1,17.06185636,3.426471831,3,0.072396828,7065390.144,0
Circus_cyaneus,Accipitriformes,1,3.94,-2.28,2.04,50.9167,4.4,1,4.4,458,0,2,1,12.57594594,4.454777932,4,0.034415026,17839040.81,0
Cistothorus_palustris,Passeriformes,1,-1.57,0.45,0.07,49.5333,5,1.5,7.5,10,0,2,3,14.73394023,4.516708295,2,0.061628045,10354602.01,0
Cistothorus_platensis,Passeriformes,1,-6.3,-5.69,-3.22,44.2333,7,1.5,10.5,7.99,0,1,3,17.91726778,3.621735912,2,0.076600346,9381934.958,0
Coccothraustes_vespertinus,Passeriformes,1,1.11,0.18,-0.13,53.5167,3,1,3,61.4,0,3,2,9.388554255,3.221377454,NA,0.081640279,9649733.403,0
Colaptes_auratus,Piciformes,1,7.42,2.43,1.49,53.5167,6.5,1,6.5,138.5,0,1,3,11.98389354,4.484274991,3,0.066494898,15753980.56,1
Colinus_virginianus,Galliformes,0,12.54,25.94,-1.55,45.5167,13,1.5,19.5,171.5,0,3,1,13.61342371,4.143189552,NA,0.145810351,4554521.044,1
Columba_livia,Columbiformes,0,-3.35,-0.02,0.13,53.5167,2,1.5,3,358.15,0,1,1,11.28576202,4.646440757,3,0.086850144,30266195.82,0
Columbina_inca,Columbiformes,0,-3.09,-0.41,-1.22,37.6833,2,3,6,56.1,0,1,1,19.33171935,2.88627841,3,0.084930873,2928149.306,0
Columbina_passerina,Columbiformes,0,3.04,2.35,0.11,37.5,2,3,6,31.95,0,2,1,20.34621429,2.673907971,3,0.084930873,6758415.236,1
Coragyps_atratus,Accipitriformes,0,11.72,11.42,0.99,41.8833,2,1,2,1900,0,2,1,17.0688913,3.936659977,5,0.047695208,20938865.62,1
Corvus_brachyrhynchos,Passeriformes,1,4.28,6.9,0.43,51.4333,4.7,1,4.7,508.25,0,5,1,11.10916488,4.387703929,4,0.050098215,10868000.32,1
Corvus_cryptoleucus,Passeriformes,0,15,-7.42,5.98,38.1667,4.92,1,4.92,534,0,5,1,17.75602778,3.418856547,4,0.050359788,1508863.499,0
Corvus_ossifragus,Passeriformes,1,2.74,3.2,1.34,42.6,4.5,1,4.5,285.05,0,5,1,15.27524545,4.44305984,4,0.044295729,970924.261,1
Cygnus_buccinator,Anseriformes,1,6.92,8.89,-3.29,49.9667,4.5,1,4.5,10625,1,2,1,8.919230769,2.376847714,3,0.083728085,1616821.516,1
Cygnus_columbianus,Anseriformes,1,1.83,-6.5,3.9,51.1667,6,1,6,6750,0,2,2,11.61636964,3.603574483,3,0.078945664,7278692.381,0
Dendrocygna_autumnalis,Anseriformes,1,1.34,-10.35,2.37,29.3167,13.4,1.5,20.1,827.85,0,1,1,22.06416,0.868973229,NA,0.124728877,9299676.357,0
Dendroica_coronata,Passeriformes,1,-1.74,0.82,-0.21,49.2667,4.5,1,4.5,12.4,0,2,3,13.18192101,4.340207857,3,0.068314528,17881384.59,0
Dendroica_dominica,Passeriformes,1,-1.87,9.31,-1.86,38.1,4,1.5,6,9.7,0,1,3,20.885336,2.383117836,3,0.071050726,3209648.164,1
Dendroica_nigrescens,Passeriformes,1,2,-12.94,2.77,46.9667,4,1,4,8.275,0,1,3,17.48568261,3.166247268,3,0.071050726,3560774.216,0
Dendroica_occidentalis,Passeriformes,1,0.72,-0.61,-0.58,38.4333,4.3,1,4.3,10.35,0,1,3,14.46526667,1.314815009,3,0.071050726,2437490.782,0
Dendroica_palmarum,Passeriformes,1,-1.2,4.08,-2.87,46.9667,4.5,1,4.5,10.14,0,2,3,15.57518481,4.613169048,3,0.071050726,7875543.425,1
Dendroica_pinus,Passeriformes,1,-2.79,3.51,-1.9,45.8833,3.73,1.5,5.595,11.9,0,3,3,16.998065,3.983089899,3,0.071050726,2274302.775,1
Dendroica_townsendi,Passeriformes,1,0.68,-2.26,1.25,49.2667,4,1,4,8.85,0,1,2,13.61163125,2.978552651,3,0.071050726,5326402.922,0
Dumetella_carolinensis,Passeriformes,1,2.65,-0.82,-1.47,48.2,3.64,2,7.28,37.65,0,2,2,13.89925652,4.96909633,3,0.076668767,8456107.304,0
Egretta_caerulea,Pelecaniformes,1,0.91,0.41,-1.9,44.3333,4,1,4,336,0,4,1,19.08075476,3.960540973,4,0.047059378,8482695.666,0
Egretta_thula,Pelecaniformes,1,0.32,-1.94,-1.56,41.7167,4,1,4,369,0,3,1,17.9217664,3.993258968,4,0.049487339,22532801.27,0
Egretta_tricolor,Pelecaniformes,0,3.14,-4,-2.08,39.4333,4,1,4,338.75,0,4,1,19.69967532,3.345505264,4,0.049487339,2464652.553,1
Elanus_leucurus,Accipitriformes,0,5.38,0.11,2.55,44.5,4,1.5,6,334,0,2,1,16.37643279,3.550335988,4,0.033926838,9397271.826,0
Empidonax_wrightii,Passeriformes,1,1.02,-0.07,0.85,,3.52,2,7.04,12.5,0,1,2,18.646875,3.269752552,3,NA,2899134.85,0
Eremophila_alpestris,Passeriformes,1,4.27,-0.55,1.05,52.0667,3.5,2.5,8.75,34.81,0,2,1,10.86524191,3.80237399,3,0.056973122,19386431.11,0
Eudocimus_albus,Pelecaniformes,0,2.96,2.49,-0.04,32,3.5,1,3.5,612.5,0,3,2,20.87492679,1.930667045,4,0.087379655,1625958.484,1
Euphagus_carolinus,Passeriformes,1,-0.61,0.38,3.32,52.0667,4.53,1,4.53,59.75,1,2,1,11.95171852,4.420567752,3,0.058150202,12357477.12,0
Euphagus_cyanocephalus,Passeriformes,1,7.7,-1.6,-0.96,51.1667,4.98,1,4.98,65.895,0,3,3,13.23780671,4.829623204,3,0.058150202,9875496.282,0
Falco_columbarius,Falconiformes,1,-6.03,0.12,0.77,53.5167,4.25,1,4.25,209.85,0,3,2,12.80228444,5.060965084,4,0.069220101,19818693.53,0
Falco_mexicanus,Falconiformes,0,1.03,0.88,1.15,51.05,5,1,5,717.5,0,4,2,12.03366642,4.592994593,4,0.062278366,4585107.796,0
Falco_sparverius,Falconiformes,1,0.44,-3.87,-0.23,50.9167,4.6,1.5,6.9,115.5,0,3,3,11.96373899,4.482916648,4,0.071439341,25901783.29,0
Fulica_americana,Gruiformes,1,4.27,-1.03,0.06,50.9167,10,1.5,15,540,1,5,3,12.97234321,4.372755244,2,0.096326677,13295435.93,0
Gallinago_gallinago,Charadriiformes,1,-4.7,-1.59,0.57,51.1667,3,1,3,101.715,1,2,1,12.83438544,4.548474826,3,0.089239343,20400055.24,0
Gallinula_chloropus,Gruiformes,1,-1.44,-1.12,-1.62,42.35,7.35,1.5,11.025,381,1,4,3,18.0954664,3.851285694,2,0.112111311,14697102.01,0
Geococcyx_californianus,Cuculiformes,0,-1.43,-4.43,0.53,40.2,4.5,2,9,302.71,0,3,1,17.02272371,3.279618513,3,NA,2929049.745,0
Geothlypis_trichas,Passeriformes,1,4.64,7.97,-2.73,49.2667,4,2,8,9.95,0,1,4,15.34800122,4.69847125,3,0.076676075,14031930.25,1
Grus_canadensis,Gruiformes,1,-0.26,2.49,1.11,49.6667,2,1,2,4300,0,5,2,17.98346935,4.345022604,4,0.04669209,14407792.49,1
Gymnorhinus_cyanocephalus,Passeriformes,0,-1.52,-0.69,-2.81,46.6833,3.5,1,3.5,105,0,5,3,8.976203226,2.277908133,4,NA,1336600.758,0
Himantopus_mexicanus,Charadriiformes,1,-1.3,-1.01,2.23,37.95,4,1,4,173.2,0,2,2,18.69856207,3.471582717,4,0.076900825,11353958.18,0
Ixobrychus_exilis,Pelecaniformes,1,8.23,0.72,1.9,40.8333,4.5,1,4.5,82.175,0,3,2,20.51888125,3.559942778,4,0.034817296,8171753.509,0
Ixoreus_naevius,Passeriformes,1,15.19,5.43,1.62,50.9167,3,1,3,77.55,0,2,2,11.82421176,3.706372445,NA,0.083596861,3579313.318,1
Junco_hyemalis,Passeriformes,1,6.01,0.22,1.57,53.5167,4,1.5,6,19.6,0,2,2,11.03312918,4.278100924,3,0.078101093,16176604.63,0
Lanius_ludovicianus,Passeriformes,1,-0.47,-3.81,-1.54,46.9167,5.4,1.5,8.1,47.7,0,3,2,14.58426127,4.304048693,3,0.060127897,9311101.509,0
Larus_argentatus,Charadriiformes,1,-0.79,-3.58,-0.21,50.9167,3,1,3,1085,0,5,3,11.91705345,4.653447645,5,0.053317421,19109470.74,0
Larus_californicus,Charadriiformes,1,-1.65,1.01,0.64,49.9667,2.5,1,2.5,691,0,3,1,13.41375698,3.961808775,5,0.050631164,6056155.092,1
Larus_delawarensis,Charadriiformes,1,-3.55,5.95,0.49,50.9167,3,1,3,508.25,0,5,3,12.68305039,4.535990131,5,0.050631164,13105643.85,1
Laterallus_jamaicensis,Gruiformes,1,-1.01,2.94,1.8,38.1333,6.9,1.5,10.35,32.725,0,3,2,18.395,3.623171851,2,0.079962615,530413.5166,1
Leucosticte_atrata,Passeriformes,1,1.1,-3.31,-2.72,45.0333,4.75,1,4.75,24.78,0,NA,NA,5.425653846,2.721874035,3,NA,971165.2751,0
Leucosticte_australis,Passeriformes,0,2.37,-3.22,-1.45,40.3667,4.14,1,4.14,29.325,0,NA,NA,5.058928571,2.397720837,3,NA,178365.5353,0
Limnodromus_scolopaceus,Charadriiformes,1,-3.28,2.23,-0.29,49.2667,4,1,4,108.5,1,3,1,16.61828471,4.054737763,3,0.067963671,9693507.013,1
Lophodytes_cucullatus,Anseriformes,1,-6.22,4.15,-1.6,50.5167,10.3,1,10.3,617,1,2,1,12.39754591,4.417016916,2,0.148416098,8843780.018,1
Melanerpes_aurifrons,Piciformes,0,-4.48,4.66,-0.52,34.9833,4.75,1,4.75,81.64,0,3,3,20.38397895,2.816038635,3,0.057860576,1393664.33,1
Melanerpes_carolinus,Piciformes,0,5.98,3.11,1.17,48.2,4.18,1,4.18,59.5,0,4,3,12.37217209,4.302887461,3,0.057860576,2989299.115,1
Melanerpes_erythrocephalus,Piciformes,1,-1.62,-0.63,0.49,46.9333,5,2,10,71.6,0,5,4,12.43865573,4.302661061,3,0.057860576,5195386.626,0
Melanerpes_formicivorus,Piciformes,0,-0.46,-0.42,-0.58,44.95,5.06,1,5.06,79.05,0,5,3,14.17499839,2.761317805,3,0.057860576,1465658.783,0
Melanerpes_lewis,Piciformes,1,-5.25,-1.87,-5.69,49.5333,6.5,1,6.5,102,0,3,3,12.10538431,3.221038711,3,0.057860576,3401457.74,0
Melanerpes_uropygialis,Piciformes,0,0.4,-0.13,-0.23,34.8333,4,1.5,6,67.8,0,5,2,17.66615,4.183195965,3,0.057860576,565072.3397,0
Melospiza_georgiana,Passeriformes,1,-0.65,12.13,-0.22,48.8167,3.9,1,3.9,17,0,2,1,12.69825118,4.365881481,3,0.090568343,10232457.27,1
Melospiza_lincolnii,Passeriformes,1,2.63,1.45,1.44,49.2667,4.24,1,4.24,18.3,0,2,1,15.53179725,3.769347264,3,0.094031925,16091946.75,1
Melospiza_melodia,Passeriformes,1,0.32,0.95,0.49,51.05,4.1,2,8.2,24.2,0,2,2,11.69535801,4.470129704,3,0.090767912,13004269.44,1
Mergus_merganser,Anseriformes,1,4.48,3.91,3.03,53.5167,10.5,1,10.5,1523,1,2,1,10.47,3.564766632,2,0.15156393,12608731.71,1
Mimus_polyglottos,Passeriformes,0,-1.6,1.95,-0.26,49.2667,3.7,2.5,9.25,48.95,0,2,2,13.04521381,4.386478526,3,0.083596861,10313600.74,1
Mniotilta_varia,Passeriformes,1,-1.81,6.85,0.24,43.2167,4.5,NA,NA,12,0,1,2,19.24218025,3.784608813,3,0.067535873,12079526.82,1
Molothrus_aeneus,Passeriformes,1,0.99,-1.88,0.52,32.3333,NA,NA,NA,62.9,0,2,1,21.79696364,1.633746835,3,0.076326361,2391094.636,0
Molothrus_ater,Passeriformes,1,-9.32,5.58,-3.22,49.2667,NA,NA,NA,NA,0,2,1,12.22422048,4.501935011,3,0.076326361,11999978.7,1
Mycteria_americana,Ciconiiformes,0,2.37,-2.53,0.36,31.4333,2.5,1,2.5,2377.5,0,3,1,22.04874348,1.305831665,5,NA,14864809.74,0
Myiarchus_cinerascens,Passeriformes,1,-1.06,4.33,-3.2,44.5833,4.3,1,4.3,27.95,0,2,3,18.00774286,2.911537319,3,NA,4278514.14,1
Nucifraga_columbiana,Passeriformes,0,2.15,0.18,-0.39,51.65,3.06,1,3.06,130,0,5,3,7.60466,3.206552017,4,0.057465875,2253758.351,0
Numenius_americanus,Charadriiformes,1,-3.59,29.91,0,40.6333,4,1,4,699.35,1,2,2,17.86286316,3.389261616,3,0.083207646,3462362.058,1
Nyctanassa_violacea,Pelecaniformes,1,0.22,-5.95,-2.78,41.1,3.6,1,NA,682.5,0,3,1,19.93081667,3.889669682,4,0.034817296,5235989.71,0
Nycticorax_nycticorax,Pelecaniformes,1,-8.65,-0.48,-2.84,47.6,3.54,1,3.54,875.45,0,2,1,15.321458,4.623251185,4,0.048767291,21778163.54,0
Nyctidromus_albicollis,Caprimulgiformes,0,-0.65,0.44,0.49,28.25,1.5,1,1.5,53.05,0,1,1,22.48101111,0.647513669,3,NA,13748736.96,0
Oreortyx_pictus,Galliformes,0,6.62,-4.83,-1.03,48.4667,11,1.5,16.5,232.4,0,4,1,12.28802083,2.935463483,NA,NA,345984.4058,0
Oreoscoptes_montanus,Passeriformes,1,3.6,-1.47,0.12,40.35,4.5,1,4.5,43.775,0,2,1,16.21791,3.750516511,3,NA,3642671.719,0
Oxyura_jamaicensis,Anseriformes,1,2.13,-2.53,0.2,50.5167,7.7,1,7.7,606.5,1,2,1,13.67758864,4.197370213,2,0.187507911,12255126.3,0
Parabuteo_unicinctus,Accipitriformes,0,-0.89,-2.34,1.43,33.4,2.5,2.5,6.25,863.75,0,4,2,19.72708333,2.780626779,4,0.062278366,5974706.855,0
Parus_inornatus,Passeriformes,0,0.62,3.38,0.31,42.85,6.1,1,6.1,15.89,0,3,2,13.28836528,3.175671519,3,0.070667247,1061016.918,1
Passer_domesticus,Passeriformes,0,1.57,0.1,0.38,53.5167,5,3,15,33.5,0,3,2,11.30953863,4.702746508,NA,0.095593008,23316312.16,0
Passerculus_sandwichensis,Passeriformes,1,-4.04,1.38,0.46,49.6667,4,1.5,6,18,0,3,1,14.66948407,4.313082768,3,0.072818301,19179134.49,1
Passerella_iliaca,Passeriformes,1,6.83,0.24,1.74,50.9167,3.24,1,3.24,33.78,0,3,1,12.65851911,3.897747743,3,0.101666692,16320609.94,0
Patagioenas_fasciata,Columbiformes,1,-7.41,0.35,-0.07,49.2667,1,1,1,353.05,0,3,2,13.20485833,2.805131968,3,0.08357339,3428579.876,0
Pelecanus_erythrorhynchos,Pelecaniformes,1,15.53,0.02,-7.63,42.6167,2,1,2,6130,0,1,1,18.50997576,4.065927706,NA,NA,7998513.131,0
Phainopepla_nitens,Passeriformes,1,-0.93,-1.47,0.39,39.5167,2.5,1,2.5,22.4,0,2,3,16.14265263,3.047532098,NA,NA,1423457.572,0
Phasianus_colchicus,Galliformes,0,8.15,0.68,1.61,53.5167,11,1,11,1111,0,5,1,9.748252553,2.958798026,1,0.130161454,4497661.931,0
Pica_nuttalli,Passeriformes,0,-0.18,0,-0.92,40.6167,6,1.5,9,NA,0,5,3,15.59338824,1.058861213,4,0.05590224,83459.67449,0
Picoides_albolarvatus,Piciformes,0,5.71,3.88,-0.06,49.3167,4.28,1,4.28,61.1,0,2,2,10.72894737,3.406894997,3,NA,499656.6482,1
Picoides_borealis,Piciformes,0,-4.25,-4.9,-4.82,36.65,3.5,1.5,5.25,47.9,0,1,1,18.409168,1.827487957,3,0.06341133,828450.5204,0
Picoides_nuttallii,Piciformes,0,-2.62,-0.18,-0.39,40.7167,4.5,1,4.5,37.85,0,2,2,15.07847083,2.291042715,3,0.06341133,183864.2382,0
Picoides_scalaris,Piciformes,0,-1.62,-3.87,-0.1,40.4167,4.5,1,4.5,30.3,0,2,2,16.69836875,4.179998127,3,0.06341133,2816188.265,0
Pipilo_aberti,Passeriformes,0,-2.07,-1.1,-0.91,37.15,2.85,1.5,4.275,47.085,0,2,1,19.21334,2.976605012,3,0.082932107,170228.6626,0
Pipilo_chlorurus,Passeriformes,1,1.64,7.36,1.57,43.45,3.76,2,7.52,29,0,3,1,16.40998158,4.296484086,3,0.082932107,4121834.57,1
Pipilo_erythrophthalmus,Passeriformes,1,8.52,0.9,0.52,49.9667,4,1.5,6,40.85,0,3,2,12.70773542,4.313258146,3,0.082932107,3542160.474,0
Pitangus_sulphuratus,Passeriformes,0,0.87,-0.25,0.53,27.8333,3.5,1.5,5.25,55,0,3,2,22.79721667,0.475620161,3,0.060075839,16164243.31,0
Plegadis_chihi,Pelecaniformes,1,17.81,-3.31,4.7,37.0667,3.5,1,3.5,612.5,0,3,2,20.11758333,2.423109301,4,0.071373383,9579919.367,0
Plegadis_falcinellus,Pelecaniformes,1,-1.89,-17.05,-7.3,40.7,1,1,1,633.75,0,3,2,19.5315,3.914320355,4,NA,721136.7153,0
Pluvialis_squatarola,Charadriiformes,1,2.74,0.11,0.98,49.9667,4,1,4,212,0,1,2,15.90553357,4.681360526,3,0.08716707,3851473.126,0
Podiceps_nigricollis,Podicipediformes,1,-3.74,-3.53,1.54,50.5167,2.95,1,2.95,339.8,0,2,1,15.25023077,4.354079295,2,0.137520191,8410312.06,0
Podilymbus_podiceps,Podicipediformes,1,-0.09,1.12,-0.3,50.5167,6.4,8,51.2,416,1,2,1,13.32975973,4.381288679,2,0.168548479,21030274.72,1
Poecile_carolinensis,Passeriformes,0,1.23,-2.06,0.81,41.3833,5.8,1.5,8.7,10.5,0,3,2,14.46596471,3.408654341,3,0.071379492,2312505.202,0
Polioptila_caerulea,Passeriformes,1,-0.01,-10.86,-0.45,41.5333,4.5,2,9,6.3,0,1,3,18.60321894,3.43592968,NA,0.064222767,7263214.482,0
Polioptila_melanura,Passeriformes,0,0.31,8.78,-2.91,36.0833,4,1,4,5.35,0,1,2,18.00115556,3.051196441,NA,NA,1107018.168,1
Pooecetes_gramineus,Passeriformes,1,2.23,-13.59,-1.07,48.5833,3.6,1.5,5.4,NA,0,2,1,15.22601811,4.350363713,3,0.083333333,11092637.52,0
Porzana_carolina,Gruiformes,1,5.99,10.14,-0.41,49.2667,10.55,1,10.55,79.95,1,3,2,16.39324867,4.673781649,2,0.101048105,16102571.06,1
Psaltriparus_minimus,Passeriformes,0,1.01,0.67,0.15,49.6667,4.3,1.5,6.45,5.3,0,3,2,12.83979237,3.378845767,NA,0.108634569,2162157.689,0
Pyrocephalus_rubinus,Passeriformes,0,0.45,7.29,1.78,36.45,2.5,1.5,3.75,12.87,0,1,2,19.8320825,2.42857738,3,0.049738731,13619829.54,1
Quiscalus_mexicanus,Passeriformes,1,6.58,29.36,2.48,37.6833,3.5,2,7,168.7,0,5,1,18.56844898,3.164657357,3,0.076045344,5005960.841,1
Quiscalus_quiscula,Passeriformes,1,3.23,17.46,-2.81,50.5167,4.8,1,4.8,116.1,0,5,2,11.38210607,4.633794016,3,0.076045344,8475647.895,1
Rallus_elegans,Gruiformes,1,8.5,3.02,1.43,43.45,10.85,1,10.85,NA,0,3,2,17.43701449,4.453099546,2,0.069425516,3369935.653,1
Rallus_limicola,Gruiformes,1,5.92,2.01,4.2,49.2667,8.5,1.5,12.75,79.35,0,3,3,14.09915297,4.47569342,2,0.073150387,7009790.319,1
Regulus_calendula,Passeriformes,1,1.57,0.43,0.03,51.05,8.5,1,8.5,6.65,0,3,3,12.91411789,4.329272212,NA,0.060960424,14204501.02,0
Salpinctes_obsoletus,Passeriformes,1,-0.55,15.61,0.16,48.4667,5.5,2.5,13.75,16.5,0,1,2,15.16050652,3.528885311,2,0.10752688,5542535.183,1
Sayornis_nigricans,Passeriformes,1,-2.94,5.1,-1.29,44.5833,4,1.5,6,18,0,1,2,15.54430253,3.162266474,3,0.054781138,3282378.814,1
Sayornis_phoebe,Passeriformes,1,-1.63,-5.16,-3.18,44.5333,5,2,10,NA,0,1,1,15.46342634,4.379039641,3,0.054781138,7905990.501,0
Sayornis_saya,Passeriformes,1,1,12.16,1.59,49.5333,4.5,1.5,6.75,22.3,0,2,2,16.1420125,3.369042624,3,0.054781138,8477536.699,1
Scolopax_minor,Charadriiformes,1,3.74,3.05,1.52,44.7167,4,1,4,206.2,0,2,1,14.41166455,4.203868723,3,0.095935458,4613013.466,1
Setophaga_ruticilla,Passeriformes,1,-11.59,-7.44,1.31,42.6,3.82,1,3.82,8.65,0,1,2,19.72627692,4.944099131,3,0.064,15141158.23,0
Sialia_currucoides,Passeriformes,1,2.2,4.46,1.02,48.8167,5.5,1.5,8.25,29.6,0,1,3,13.71023429,3.882626082,NA,0.069093435,6178113.028,1
Sialia_mexicana,Passeriformes,1,4.82,7.59,0.78,49.5333,5,1.5,7.5,26.445,0,2,2,13.78219293,3.326455503,NA,0.069093435,2427369.549,1
Sialia_sialis,Passeriformes,1,-0.82,-1,0.4,44.35,5,1,5,29.75,0,2,2,13.41827135,4.024503881,NA,0.069093435,5895194.305,0
Sitta_pusilla,Passeriformes,0,1.6,-0.93,2.4,38.8,5.1,1.5,7.65,10.35,0,2,2,17.5267675,2.593355725,3,0.05754188,941236.7648,0
Sitta_pygmaea,Passeriformes,0,4.51,0.15,0.69,51.1667,7,1.5,10.5,10.4,0,2,3,10.12951186,3.897147105,3,0.05754188,1956223.041,0
Sphyrapicus_thyroideus,Piciformes,1,5.25,8.09,3.08,47.7167,5,1,5,47.6,0,2,2,10.73945882,3.664058611,3,0.06341133,1250858.012,1
Sphyrapicus_varius,Piciformes,1,3.13,2.84,0.19,49.9667,4.86,1,4.86,48.1,0,2,2,13.51241752,4.293073107,3,0.06341133,9945645.366,1
Spizella_arborea,Passeriformes,1,1.71,9.63,0.99,52.0667,4.96,1,4.96,NA,0,3,2,9.444047619,2.950836071,3,0.076314283,14358261.63,1
Spizella_atrogularis,Passeriformes,1,0.56,4.83,0.49,34.15,3.44,1,3.44,12.85,0,2,2,16.33888889,2.001062131,3,0.087258752,1395740.945,1
Spizella_breweri,Passeriformes,1,0.8,-5.06,1.45,35.4,3.04,1.5,4.56,12.3,0,2,1,17.11212727,3.285693314,3,0.087258752,5111446.055,0
Spizella_pallida,Passeriformes,1,-0.78,31.84,3.06,45.5167,4,1.5,6,11.95,0,2,1,19.11950909,3.698155383,3,0.087258752,7305586.496,1
Spizella_passerina,Passeriformes,1,2.43,-5.71,-2.36,46.9333,3.7,1.5,5.55,12.75,0,2,3,14.14860966,4.657911007,3,0.062303788,15106709.7,0
Spizella_pusilla,Passeriformes,1,-3.43,-1.16,-1.09,46.1167,3.69,3,11.07,13.1,0,2,2,12.66581365,4.206047285,3,0.085009062,4745184.636,0
Sturnella_magna,Passeriformes,1,5.6,0.86,0.69,45.8833,4.8,1.5,7.2,111.65,0,2,1,12.82988772,4.337809879,3,0.104151644,7317025.862,0
Sturnella_neglecta,Passeriformes,1,0.51,-1.73,-2.12,50.5167,4.8,1.5,7.2,97.7,0,2,1,13.07105289,4.29075292,3,0.104151644,8667073.31,0
Tachybaptus_dominicus,Podicipediformes,0,1.11,5.22,-0.5,30.15,5,2.5,12.5,147,1,2,1,22.11135455,1.023516305,2,0.135083716,9157729.641,1
Tachycineta_bicolor,Passeriformes,1,4.04,9.26,2.47,45.7333,5.5,1,5.5,21.38,0,2,2,18.12210095,4.077758203,3,0.053817414,17477323.43,1
Tachycineta_thalassina,Passeriformes,1,4.4,-2.89,0.68,44.9167,4.4,1.5,6.6,14.15,0,1,1,15.30187,2.574049,3,0.053817414,6579671.884,0
Thryomanes_bewickii,Passeriformes,0,1.39,-0.26,0.38,49.9667,5.6,1.5,8.4,9.9,0,1,3,15.02899223,3.552669553,2,0.10752688,3364919.909,0
Thryothorus_ludovicianus,Passeriformes,0,-2.79,-1.49,-1.63,45.45,4,1.5,6,20.05,0,3,3,12.59173697,4.360578381,2,0.076600346,3214453.674,0
Toxostoma_crissale,Passeriformes,0,1.06,0.59,0.11,37.15,2.5,2,5,62.7,0,2,1,17.29083,3.362057723,3,NA,1010544.503,0
Toxostoma_curvirostre,Passeriformes,0,4.41,-0.35,3.91,38.1667,3.6,1.5,5.4,78.36,0,3,2,17.87201026,3.606397713,3,NA,2012489.971,0
Toxostoma_longirostre,Passeriformes,0,-2.86,0.06,0.33,29.3167,3.75,1.5,5.625,67.65,0,5,2,22.41712222,0.777702809,3,NA,300866.4626,0
Toxostoma_redivivum,Passeriformes,0,-1.49,-2.42,-0.53,40.6167,3.5,2,7,84.4,0,3,2,14.91589737,2.407070026,3,NA,167379.4191,0
Toxostoma_rufum,Passeriformes,1,5.1,9.57,1.82,47.9333,3.6,1,3.6,69.3,0,5,2,13.2423802,4.561028743,3,0.083596861,5859107.232,1
Tringa_flavipes,Charadriiformes,1,0.91,0.58,1.8,49.2667,4,1,4,84.05,0,3,2,18.16917379,3.952373588,3,0.072507724,35235743.67,0
Tringa_melanoleuca,Charadriiformes,1,4.5,-1.56,1.82,49.6667,3.5,1,3.5,172.75,0,2,1,16.56206337,4.375459629,3,0.074484984,34243209.88,0
Troglodytes_aedon,Passeriformes,1,-0.09,-20.92,-0.28,49.2667,6,1.5,9,10.775,0,2,2,16.33531745,4.172541136,2,0.102191889,29055306.37,0
Troglodytes_troglodytes,Passeriformes,1,5.33,0.39,1.8,51.1667,5.5,2,11,9.15,0,1,2,12.06992368,3.885950795,2,0.11286187,7235485.863,0
Turdus_migratorius,Passeriformes,1,17.25,2.57,1.62,53.5167,3.5,1,3.5,82.35,0,2,2,11.55882494,4.665182307,NA,0.077354588,17821313,1
Tympanuchus_cupido,Galliformes,0,10.93,13.72,5.85,47.7,11.3,1.5,16.95,881.25,0,4,1,12.71415,5.611302161,1,0.123622551,415641.0221,1
Vermivora_celata,Passeriformes,1,-0.22,9.17,2.97,49.2667,4.5,1,4.5,9.25,0,4,1,17.14399053,3.92026995,3,0.076600346,15777436.42,1
Vireo_griseus,Passeriformes,1,-1.37,1.09,-1.03,37.9667,4,1,4,11.925,0,1,1,20.43223553,2.325744422,3,0.074540136,3533167.775,1
Vireo_huttoni,Passeriformes,0,-0.11,-0.3,-2.46,49.2667,4,1.5,6,11.825,0,2,1,13.93535,2.793300325,3,0.074540136,1214668.318,0
Vireo_solitarius,Passeriformes,1,0.88,-9.96,0.92,40.0333,4,1.5,6,15.35,0,1,3,19.3682885,2.796384005,3,0.074540136,8370595.747,0
Wilsonia_pusilla,Passeriformes,1,2.56,-3.38,0.12,49.2667,4.5,1,4.5,6.5,0,1,4,17.23200455,4.245268646,3,0.093077194,18213312.27,0
Xanthocephalus_xanthocephalus,Passeriformes,1,-11.64,2.04,1.07,48.8167,3.6,1,3.6,77.37,0,2,3,14.40528654,5.601799135,3,0.080473427,8087613.045,1
Zenaida_macroura,Columbiformes,1,5.39,4.7,1.15,52.0667,2,1.5,3,119.25,0,2,2,11.8074483,4.543677312,3,0.071782656,12162320.71,1
Zonotrichia_albicollis,Passeriformes,1,2.95,15.3,0.2,53.5167,4.15,1,4.15,26.3,0,3,3,11.69320891,4.312631317,3,0.082301325,11675075.6,1
Zonotrichia_atricapilla,Passeriformes,1,2.84,0.21,1.97,49.9667,4.215,1,4.215,31.55,0,3,1,13.16564468,3.464641639,3,0.082301325,2345245.877,0
Zonotrichia_leucophrys,Passeriformes,1,1.29,13.33,0.57,52.0667,4.5,1.5,6.75,26.37,0,3,3,12.37356085,3.996605897,3,0.082301325,17967478.27,1
Zonotrichia_querula,Passeriformes,1,1.21,8.23,-0.05,49.5333,4,1,4,37.035,0,3,2,12.69980592,4.837095989,3,0.082301325,6137759.74,1
